events,elapsed_seconds,events_per_sec,digest
1000,0.000011200,89285714.29,286276848
10000,0.000119800,83472454.09,288622627
100000,0.001151600,86835706.84,86062207
1000000,0.011744700,85144788.71,905407630
