events,elapsed_seconds,events_per_sec,digest
1000,0.000008572,116658889.41,286276848
10000,0.000084681,118090244.56,288622627
100000,0.000865794,115500915.92,86062207
1000000,0.008556687,116867661.51,905407630
